{"lumen": [[[289.815345, 101.31291828124995], [289.73226093750003, 102.75478859374999], [289.3791740625, 104.13876500000003], [288.80162015624995, 105.42729921875002], [288.01869328124997, 106.58614203125], [287.03458125000003, 107.56813062499998], [285.851683125, 108.30318453125], [284.496395625, 108.70581640625], [283.06864546875, 108.77031828124996], [281.66093578125003, 108.56380906250001], [280.31744953124996, 108.14418265625], [279.0650728125, 107.54491343749999], [277.9345321875, 106.77874624999998], [276.97981640625, 105.84065937500003], [276.27540328125, 104.70687875000004], [275.88047484375, 103.40100828124997], [275.8121325, 102.01818921874997], [276.02419921874997, 100.65348124999997], [276.45111984375, 99.36919671874995], [277.070259375, 98.18597796875002], [277.87983609375, 97.17000031249995], [278.85380062499996, 96.35392250000001], [279.99213046875, 95.70765921875], [281.28591984375, 95.22606359375004], [282.69328640625, 94.98003031249999], [284.12635781250003, 95.04255781250004], [285.52569890625, 95.44621906249995], [286.80528375, 96.1599021875], [287.8987021875, 97.09343843749997], [288.78542015625, 98.20601984375003], [289.4270034375, 99.4717221875], [289.7740603125, 100.85698671875002], [289.815345, 101.31291828124995]]], "wall": [[[291.8607975, 103.21226562500004], [291.59500078125, 104.57761765625003], [291.08428734374996, 105.88220140625003], [290.36496093750003, 107.08846578124997], [289.47539109375, 108.17263671875003], [288.4482759375, 109.11866187500004], [287.30904609375, 109.91109359374997], [286.07799796875, 110.52825874999996], [284.77253390625, 110.93844359375004], [283.4067965625, 111.12263703124995], [282.02050265625, 111.07779031249999], [280.65409875, 110.81806718749999], [279.34050375, 110.36724031250003], [278.10509906249996, 109.75020453125], [276.96977437500004, 108.98519468749998], [275.95609171875003, 108.05710765625003], [275.11254843750004, 106.95066453125003], [274.49199140625, 105.67616468749998], [274.126910625, 104.27746765625], [274.01099625, 102.8182175], [274.11011015625, 101.37368656250004], [274.39721296875, 99.97181421875001], [274.86389671875, 98.63027984374997], [275.51121046875, 97.37213187500004], [276.342823125, 96.22740781250002], [277.35764203125, 95.23297250000002], [278.530711875, 94.42393296875002], [279.81029812500003, 93.81041562500002], [281.15981296875, 93.39323468749996], [282.55031296875, 93.17848625000005], [283.95403171875, 93.17870140624996], [285.338930625, 93.41134578124996], [286.66452234375, 93.89349968749997], [287.88237281249997, 94.62679437499997], [288.9556003125, 95.56131781250002], [289.87343015625, 96.64265656249995], [290.6322384375, 97.83248468750003], [291.2266153125, 99.10359406249995], [291.64504078125003, 100.43491343750003], [291.8672775, 101.80601562500004], [291.86279296875, 103.19149531250002], [291.8607975, 103.21226562500004]]]}